city,touristic_popularity
clementine,543.6350098
apple,1170.156616
tamarillo,50.83847046
poznan,1011.798584
cranberry,61.7546196
jujube,692.9155884
grapefruit,515.5342407
